date,inflasi_yoy_pct
1990-01-01,6.55
1990-02-01,6.26
1990-03-01,5.6
1990-04-01,5.16
1990-05-01,5.34
1990-06-01,6.97
1990-07-01,8.82
1990-08-01,9.38
1990-09-01,9.71
1990-10-01,9.98
1990-11-01,9.79
1990-12-01,9.94
1991-01-01,9.71
1991-02-01,9.01
1991-03-01,9.52
1991-04-01,10.28
1991-05-01,9.6
1991-06-01,8.68
1991-07-01,8.3
1991-08-01,9.73
1991-09-01,9.29
1991-10-01,9.01
1991-11-01,9.86
1991-12-01,9.98
1992-01-01,9.66
1992-02-01,9.57
1992-03-01,10.24
1992-04-01,9.2
1992-05-01,9.12
1992-06-01,9.32
1992-07-01,7.49
1992-08-01,5.71
1992-09-01,5.76
1992-10-01,5.37
1992-11-01,4.51
1992-12-01,5.02
1993-01-01,7.61
1993-02-01,9.52
1993-03-01,10.42
1993-04-01,9.6
1993-05-01,9.59
1993-06-01,9.14
1993-07-01,9.73
1993-08-01,9.82
1993-09-01,9.91
1993-10-01,10.15
1993-11-01,10.29
1993-12-01,10.16
1994-01-01,8.39
1994-02-01,8.13
1994-03-01,7.24
1994-04-01,7.38
1994-05-01,7.78
1994-06-01,7.66
1994-07-01,8.366
1994-08-01,8.99
1994-09-01,9.32
1994-10-01,9.61
1994-11-01,9.677
1994-12-01,9.674
1995-01-01,9.5
1995-02-01,9.0
1995-03-01,8.94
1995-04-01,10.43
1995-05-01,10.48
1995-06-01,10.51
1995-07-01,9.76
1995-08-01,9.17
1995-09-01,8.94
1995-10-01,8.72
1995-11-01,8.68
1995-12-01,8.95
1996-01-01,11.08
1996-02-01,11.11
1996-03-01,9.69
1996-04-01,8.2
1996-05-01,8.37
1996-06-01,7.38
1996-07-01,7.37
1996-08-01,6.96
1996-09-01,6.81
1996-10-01,6.52
1996-11-01,6.53
1996-12-01,6.03
1997-01-01,4.6
1997-02-01,3.99
1997-03-01,4.73
1997-04-01,4.88
1997-05-01,4.49
1997-06-01,5.24
1997-07-01,5.36
1997-08-01,6.39
1997-09-01,7.32
1997-10-01,8.39
1997-11-01,8.79
1997-12-01,10.32
1998-01-01,16.23
1998-02-01,30.0
1998-03-01,36.83
1998-04-01,42.65
1998-05-01,49.66
1998-06-01,56.66
1998-07-01,68.72
1998-08-01,77.69
1998-09-01,82.41
1998-10-01,79.43
1998-11-01,78.16
1998-12-01,77.61
1999-01-01,70.64
1999-02-01,53.4
1999-03-01,45.41
1999-04-01,37.96
1999-05-01,30.73
1999-06-01,24.53
1999-07-01,13.49
1999-08-01,5.78
1999-09-01,1.24
1999-10-01,1.57
1999-11-01,1.59
1999-12-01,1.92
2000-01-01,0.28
2000-02-01,-0.89
2000-03-01,-1.16
2000-04-01,0.057
2000-05-01,1.19
2000-06-01,2.03
2000-07-01,4.45
2000-08-01,5.96
2000-09-01,6.63
2000-10-01,7.8
2000-11-01,9.12
2000-12-01,9.34
2001-01-01,8.27
2001-02-01,9.11
2001-03-01,10.61
2001-04-01,10.51
2001-05-01,10.82
2001-06-01,12.11
2001-07-01,13.03
2001-08-01,12.23
2001-09-01,13.01
2001-10-01,12.47
2001-11-01,12.911
2001-12-01,12.54
2002-01-01,14.56
2002-02-01,14.88
2002-03-01,14.2
2002-04-01,13.44
2002-05-01,13.08
2002-06-01,11.56
2002-07-01,10.02
2002-08-01,10.57
2002-09-01,10.53
2002-10-01,10.33
2002-11-01,10.4
2002-12-01,9.92
2003-01-01,8.68
2003-02-01,7.6
2003-03-01,7.17
2003-04-01,7.62
2003-05-01,7.15
2003-06-01,6.98
2003-07-01,6.27
2003-08-01,6.51
2003-09-01,6.33
2003-10-01,6.48
2003-11-01,5.53
2003-12-01,5.16
2004-01-01,4.82
2004-02-01,4.6
2004-03-01,5.11
2004-04-01,5.92
2004-05-01,6.47
2004-06-01,6.83
2004-07-01,7.2
2004-08-01,6.67
2004-09-01,6.27
2004-10-01,6.22
2004-11-01,6.18
2004-12-01,6.4
2005-01-01,7.32
2005-02-01,7.15
2005-03-01,8.81
2005-04-01,8.12
2005-05-01,7.4
2005-06-01,7.42
2005-07-01,7.84
2005-08-01,8.33
2005-09-01,9.06
2005-10-01,17.89
2005-11-01,18.38
2005-12-01,17.11
2006-01-01,17.03
2006-02-01,17.92
2006-03-01,15.74
2006-04-01,15.4
2006-05-01,15.6
2006-06-01,15.53
2006-07-01,15.15
2006-08-01,14.9
2006-09-01,14.55
2006-10-01,6.29
2006-11-01,5.27
2006-12-01,6.6
2007-01-01,6.26
2007-02-01,6.3
2007-03-01,6.52
2007-04-01,6.29
2007-05-01,6.01
2007-06-01,5.77
2007-07-01,6.06
2007-08-01,6.51
2007-09-01,6.95
2007-10-01,6.88
2007-11-01,6.71
2007-12-01,6.59
2008-01-01,7.36
2008-02-01,7.4
2008-03-01,8.17
2008-04-01,8.96
2008-05-01,10.38
2008-06-01,11.03
2008-07-01,11.9
2008-08-01,11.85
2008-09-01,12.14
2008-10-01,11.77
2008-11-01,11.68
2008-12-01,11.06
2009-01-01,9.17
2009-02-01,8.6
2009-03-01,7.92
2009-04-01,7.31
2009-05-01,6.04
2009-06-01,3.65
2009-07-01,2.71
2009-08-01,2.75
2009-09-01,2.83
2009-10-01,2.57
2009-11-01,2.41
2009-12-01,2.78
2010-01-01,3.72
2010-02-01,3.81
2010-03-01,3.43
2010-04-01,3.91
2010-05-01,4.16
2010-06-01,5.05
2010-07-01,6.22
2010-08-01,6.44
2010-09-01,5.8
2010-10-01,5.67
2010-11-01,6.33
2010-12-01,6.96
2011-01-01,7.02
2011-02-01,6.84
2011-03-01,6.65
2011-04-01,6.16
2011-05-01,5.98
2011-06-01,5.54
2011-07-01,4.61
2011-08-01,4.79
2011-09-01,4.61
2011-10-01,4.42
2011-11-01,4.15
2011-12-01,3.79
2012-01-01,3.65
2012-02-01,3.56
2012-03-01,3.97
2012-04-01,4.5
2012-05-01,4.45
2012-06-01,4.53
2012-07-01,4.56
2012-08-01,4.58
2012-09-01,4.31
2012-10-01,4.61
2012-11-01,4.32
2012-12-01,4.3
2013-01-01,4.57
2013-02-01,5.31
2013-03-01,5.9
2013-04-01,5.57
2013-05-01,5.47
2013-06-01,5.9
2013-07-01,8.61
2013-08-01,8.79
2013-09-01,8.4
2013-10-01,8.32
2013-11-01,8.37
2013-12-01,8.38
2014-01-01,8.22
2014-02-01,7.75
2014-03-01,7.32
2014-04-01,7.25
2014-05-01,7.32
2014-06-01,7.25
2014-07-01,7.32
2014-08-01,6.7
2014-09-01,4.53
2014-10-01,4.83
2014-11-01,6.23
2014-12-01,8.36
2015-01-01,6.96
2015-02-01,6.29
2015-03-01,6.38
2015-04-01,6.79
2015-05-01,7.15
2015-06-01,7.26
2015-07-01,7.26
2015-08-01,7.18
2015-09-01,6.83
2015-10-01,6.25
2015-11-01,4.89
2015-12-01,3.35
2016-01-01,4.14
2016-02-01,4.42
2016-03-01,4.45
2016-04-01,3.6
2016-05-01,3.33
2016-06-01,3.46
2016-07-01,3.21
2016-08-01,2.79
2016-09-01,3.07
2016-10-01,3.31
2016-11-01,3.58
2016-12-01,3.02
2017-01-01,3.49
2017-02-01,3.83
2017-03-01,3.61
2017-04-01,4.17
2017-05-01,4.33
2017-06-01,4.37
2017-07-01,3.88
2017-08-01,3.82
2017-09-01,3.72
2017-10-01,3.58
2017-11-01,3.3
2017-12-01,3.61
2018-01-01,3.25
2018-02-01,3.18
2018-03-01,3.4
2018-04-01,3.41
2018-05-01,3.23
2018-06-01,3.12
2018-07-01,3.18
2018-08-01,3.2
2018-09-01,2.88
2018-10-01,3.16
2018-11-01,3.23
2018-12-01,3.13
2019-01-01,2.82
2019-02-01,2.57
2019-03-01,2.48
2019-04-01,2.83
2019-05-01,3.32
2019-06-01,3.28
2019-07-01,3.32
2019-08-01,3.49
2019-09-01,3.39
2019-10-01,3.13
2019-11-01,3.0
2019-12-01,2.72
2020-01-01,2.68
2020-02-01,2.98
2020-03-01,2.96
2020-04-01,2.67
2020-05-01,2.19
2020-06-01,1.96
2020-07-01,1.54
2020-08-01,1.32
2020-09-01,1.42
2020-10-01,1.44
2020-11-01,1.59
2020-12-01,1.68
2021-01-01,1.55
2021-02-01,1.38
2021-03-01,1.37
2021-04-01,1.42
2021-05-01,1.68
2021-06-01,1.33
2021-07-01,1.52
2021-08-01,1.59
2021-09-01,1.6
2021-10-01,1.66
2021-11-01,1.75
2021-12-01,1.87
2022-01-01,2.18
2022-02-01,2.06
2022-03-01,2.64
2022-04-01,3.47
2022-05-01,3.55
2022-06-01,4.35
2022-07-01,4.94
2022-08-01,4.69
2022-09-01,5.95
2022-10-01,5.71
2022-11-01,5.42
2022-12-01,5.51
2023-01-01,5.28
2023-02-01,5.47
2023-03-01,4.97
2023-04-01,4.33
2023-05-01,4.0
2023-06-01,3.52
2023-07-01,3.08
2023-08-01,3.27
2023-09-01,2.28
2023-10-01,2.56
2023-11-01,2.86
2023-12-01,2.61
2024-01-01,2.57
2024-02-01,2.75
2024-03-01,3.05
2024-04-01,3.0
2024-05-01,2.84
2024-06-01,2.51
2024-07-01,2.13
2024-08-01,2.12
2024-09-01,1.84
2024-10-01,1.71
2024-11-01,1.55
2024-12-01,1.57
2025-01-01,0.76
2025-02-01,-0.09
2025-03-01,1.03
2025-04-01,1.95
2025-05-01,1.6
2025-06-01,1.87
2025-07-01,2.37
2025-08-01,2.31
2025-09-01,2.65
2025-10-01,2.86
2025-11-01,2.27
2025-12-01,2.92
